decile_frequence,effectif,probabilite,taux_observe
0,999,0.01453078770616933,0.015015015015015015
1,999,0.025383625497174347,0.016016016016016016
2,998,0.03464121124409543,0.03206412825651302
3,999,0.04508144694724114,0.03803803803803804
4,999,0.0548468758974411,0.055055055055055056
5,998,0.06330974066748353,0.056112224448897796
6,999,0.07133434173654,0.05805805805805806
7,998,0.0794357221808982,0.07314629258517034
8,999,0.08996077009539274,0.1021021021021021
9,999,0.11385752073625774,0.12012012012012012
