variante,n_variables,alpha,RMSE_CV,ecart_type_CV,MAE_CV,RMSE_apprentissage_CV
Minimal_contrat_vehicule,3,0.1,1491.1834131448607,153.12306040174437,931.6044526042773,1494.9592675374402
Metier_compact_sans_geo,9,0.1,1493.6246359002157,153.73645934767308,933.6014780670706,1491.4568691626498
Metier_compact,10,0.1,1493.8284904649313,153.7034899697279,932.3877171921047,1487.0653808928153
Sans_categories_fines,23,1.0,1494.012824698281,151.17531187575875,936.1751915109302,1493.5145924849182
Toutes_departement,25,1.0,1494.041453435681,151.1297807142732,935.9796981445263,1492.805127768511
Toutes_sans_geographie,24,1.0,1494.286071516106,151.11901255683614,936.4318208961224,1493.584342980482
Toutes_code_detaille,25,1.0,1494.2867427833826,151.11810197156734,936.4340134059432,1493.584175667028
Minimal_contrat_permis,3,0.1,1494.4296444708034,153.71813205542372,937.7848561362813,1497.4304819060897
Moins_redondantes,15,0.1,1494.4963597216297,153.79409297116936,932.8914553578868,1485.3279802341226
Contrat_seul,7,0.1,1495.3632147085073,154.57258225915106,937.7329393764973,1494.369981743021
