decile,effectif,sinistres,probabilite,taux_observe,ecart_points_pct
0,1001,10,0.014235150536475465,0.00999000999000999,0.4245140546465475
1,1000,22,0.024677746992265735,0.022,0.26777469922657365
2,1000,30,0.033530058825956145,0.03,0.3530058825956146
3,1000,48,0.043146781841412,0.048,-0.4853218158588003
4,1000,55,0.053005238676631226,0.055,-0.1994761323368774
5,1000,63,0.06216952894645246,0.063,-0.08304710535475407
6,1000,64,0.07044725491745542,0.064,0.6447254917455416
7,1000,92,0.0789336699371457,0.092,-1.3066330062854292
8,1000,98,0.08979240576438735,0.098,-0.8207594235612653
9,1000,102,0.11326868179194485,0.102,1.126868179194486
