modele,RMSE_OOF_sinistres,MAE_OOF_sinistres
Gamma_reference_3_variables,1499.9525990095583,932.6211735407238
Gamma_3_variables_a0.01,1501.2480615820048,932.8567781899034
Gamma_3_variables_a0.001,1501.7191006031055,933.1984087071729
Gamma_3_variables_a1.0,1502.5976109552357,940.4864835709794
Gamma_compact_a0.1,1502.6242093542621,934.1315979956737
Gamma_cout_modele_lisse100_a0.1,1502.7949276600568,934.4873791322248
Gamma_interactions_a1.0,1503.302890858675,936.2363398136737
Gamma_compact_a1.0,1503.5793752420202,940.7467560830631
Gamma_cout_modele_lisse100_a1.0,1503.579980711667,940.8323690774469
Gamma_departement_a1.0,1503.6922512203712,939.1525292890366
Gamma_cout_modele_lisse20_a0.1,1503.7195724661717,935.1789350442253
Gamma_splines_a1.0,1503.865994453532,939.8463698460399
Gamma_vehicules_regroupees,1503.9815765190776,940.8013915543612
Gamma_cout_modele_lisse20_a1.0,1504.0445359434605,941.1617046622962
Gamma_compact_a0.01,1504.4692918512403,934.664904991263
Gamma_departement_a0.1,1504.5163331148842,933.7422118931843
Gamma_splines_a0.1,1504.6318704036064,936.0000873811636
Gamma_interactions_a0.1,1505.9663451052768,934.9633580096508
Gamma_splines_a0.01,1507.5030103659965,938.0441491103107
Gamma_interactions_a0.01,1508.6847185755882,936.6936190908857
Gamma_3_variables_a10.0,1509.6386857385576,952.9357053247801
Gamma_departement_a0.01,1510.6231145946613,935.9127893170738
Gamma_3_variables_a100.0,1511.564553156548,955.9417420436585
