pli,modele,RMSE_sinistres
1,Gamma_reference_3_variables,1534.0022055359461
1,Gamma_3_variables_a0.001,1538.369521160071
1,Gamma_3_variables_a0.01,1537.2400478002826
1,Gamma_3_variables_a1.0,1534.8508722945955
1,Gamma_3_variables_a10.0,1541.4225601643143
1,Gamma_3_variables_a100.0,1543.327910034169
1,Gamma_compact_a0.01,1543.1870085558987
1,Gamma_compact_a0.1,1538.439438737539
1,Gamma_compact_a1.0,1536.6155657323227
1,Gamma_splines_a0.01,1548.6571200123776
1,Gamma_splines_a0.1,1540.8074879330388
1,Gamma_splines_a1.0,1537.553326425911
1,Gamma_interactions_a0.01,1549.5259962825617
1,Gamma_interactions_a0.1,1545.7522898660518
1,Gamma_interactions_a1.0,1540.0823468563228
1,Gamma_departement_a0.01,1550.3672802932547
1,Gamma_departement_a0.1,1540.3116656730951
1,Gamma_departement_a1.0,1537.381910776468
1,Gamma_cout_modele_lisse20_a0.1,1536.9475861214235
1,Gamma_cout_modele_lisse20_a1.0,1535.8179900114571
1,Gamma_cout_modele_lisse100_a0.1,1536.7477425657517
1,Gamma_cout_modele_lisse100_a1.0,1535.5239363001508
1,Gamma_vehicules_regroupees,1536.887139193268
2,Gamma_reference_3_variables,1849.8059535890002
2,Gamma_3_variables_a0.001,1850.0565066674285
2,Gamma_3_variables_a0.01,1849.9434551655231
2,Gamma_3_variables_a1.0,1854.4977250980526
2,Gamma_3_variables_a10.0,1861.3787529831393
2,Gamma_3_variables_a100.0,1862.9760404028032
2,Gamma_compact_a0.01,1849.9489594574923
2,Gamma_compact_a0.1,1849.6746790692291
2,Gamma_compact_a1.0,1853.5299761420306
2,Gamma_splines_a0.01,1849.8475028955222
2,Gamma_splines_a0.1,1849.8668012630974
2,Gamma_splines_a1.0,1851.918264063917
2,Gamma_interactions_a0.01,1851.1411555080706
2,Gamma_interactions_a0.1,1850.8819685989781
2,Gamma_interactions_a1.0,1852.2922616903675
2,Gamma_departement_a0.01,1854.3211916748958
2,Gamma_departement_a0.1,1850.017508335303
2,Gamma_departement_a1.0,1851.7157516715054
2,Gamma_cout_modele_lisse20_a0.1,1854.1869605643797
2,Gamma_cout_modele_lisse20_a1.0,1855.9165991356635
2,Gamma_cout_modele_lisse100_a0.1,1850.337525997139
2,Gamma_cout_modele_lisse100_a1.0,1853.9861089215635
2,Gamma_vehicules_regroupees,1854.3397123731688
3,Gamma_reference_3_variables,1436.2906938887556
3,Gamma_3_variables_a0.001,1436.035425854594
3,Gamma_3_variables_a0.01,1436.023608628987
3,Gamma_3_variables_a1.0,1442.8807469051412
3,Gamma_3_variables_a10.0,1453.0342324792907
3,Gamma_3_variables_a100.0,1455.5547594419136
3,Gamma_compact_a0.01,1442.7131577028085
3,Gamma_compact_a0.1,1442.0530110278244
3,Gamma_compact_a1.0,1445.7930327075512
3,Gamma_splines_a0.01,1440.0817528242267
3,Gamma_splines_a0.1,1440.4369137134354
3,Gamma_splines_a1.0,1443.663296987688
3,Gamma_interactions_a0.01,1441.0283930112391
3,Gamma_interactions_a0.1,1440.125949919839
3,Gamma_interactions_a1.0,1441.0888837002012
3,Gamma_departement_a0.01,1443.3335017893944
3,Gamma_departement_a0.1,1440.0259223549465
3,Gamma_departement_a1.0,1443.3065834562376
3,Gamma_cout_modele_lisse20_a0.1,1443.5571884519024
3,Gamma_cout_modele_lisse20_a1.0,1446.11146123962
3,Gamma_cout_modele_lisse100_a0.1,1443.7880263728375
3,Gamma_cout_modele_lisse100_a1.0,1446.334443718987
3,Gamma_vehicules_regroupees,1445.9579894923459
4,Gamma_reference_3_variables,1223.2428354122019
4,Gamma_3_variables_a0.001,1226.5073446697572
4,Gamma_3_variables_a0.01,1225.7279422505553
4,Gamma_3_variables_a1.0,1219.9059337379667
4,Gamma_3_variables_a10.0,1223.3023815294068
4,Gamma_3_variables_a100.0,1224.8815085951892
4,Gamma_compact_a0.01,1226.875594748049
4,Gamma_compact_a0.1,1224.857873332486
4,Gamma_compact_a1.0,1220.978356709244
4,Gamma_splines_a0.01,1239.77209707998
4,Gamma_splines_a0.1,1233.9814834416618
4,Gamma_splines_a1.0,1226.961665923598
4,Gamma_interactions_a0.01,1242.9146630582327
4,Gamma_interactions_a0.1,1235.2272619756695
4,Gamma_interactions_a1.0,1226.1842689118118
4,Gamma_departement_a0.01,1242.6081622449099
4,Gamma_departement_a0.1,1233.7033801796897
4,Gamma_departement_a1.0,1226.7416375378775
4,Gamma_cout_modele_lisse20_a0.1,1225.2503578876335
4,Gamma_cout_modele_lisse20_a1.0,1221.0943082421747
4,Gamma_cout_modele_lisse100_a0.1,1224.776812865352
4,Gamma_cout_modele_lisse100_a1.0,1220.8090187600515
4,Gamma_vehicules_regroupees,1221.512545744692
5,Gamma_reference_3_variables,1384.267966719464
5,Gamma_3_variables_a0.001,1386.0428229304123
5,Gamma_3_variables_a0.01,1385.5959545175199
5,Gamma_3_variables_a1.0,1387.4709798483086
5,Gamma_3_variables_a10.0,1395.5698268830656
5,Gamma_3_variables_a100.0,1397.7410413911446
5,Gamma_compact_a0.01,1388.4733343850444
5,Gamma_compact_a0.1,1386.5801085482665
5,Gamma_compact_a1.0,1388.1502416839078
5,Gamma_splines_a0.01,1390.2616087466704
5,Gamma_splines_a0.1,1388.1788921609323
5,Gamma_splines_a1.0,1387.763083746663
5,Gamma_interactions_a0.01,1390.1975542270523
5,Gamma_interactions_a0.1,1387.7860613082808
5,Gamma_interactions_a1.0,1384.7782078962862
5,Gamma_departement_a0.01,1393.42227011641
5,Gamma_departement_a0.1,1388.575239428807
5,Gamma_departement_a1.0,1387.8472401810805
5,Gamma_cout_modele_lisse20_a0.1,1386.2357144386513
5,Gamma_cout_modele_lisse20_a1.0,1387.9318932811289
5,Gamma_cout_modele_lisse100_a0.1,1386.7593881924847
5,Gamma_cout_modele_lisse100_a1.0,1388.3356776518062
5,Gamma_vehicules_regroupees,1388.3060490588173
