frequence,gravite,i,j,MSE_prime,RMSE_prime
Melange_logistique_boosting_0.75,Gamma_3_variables_a0.01,16,2,302727.95490325155,550.2071927040317
Melange_logistique_boosting_0.75,Gamma_reference_3_variables,16,0,302730.95845964353,550.20992217484
Melange_logistique_boosting_0.75,Gamma_3_variables_a0.001,16,1,302732.6706220266,550.21147809004
Melange_logistique_boosting_0.75,Gamma_3_variables_a1.0,16,3,302758.6511644948,550.2350871804658
Melange_logistique_boosting_0.75,Gamma_cout_modele_lisse20_a1.0,16,19,302774.33922612324,550.2493427766391
Melange_logistique_boosting_0.75,Gamma_cout_modele_lisse100_a1.0,16,21,302775.52453494613,550.2504198407722
Melange_logistique_boosting_0.75,Gamma_cout_modele_lisse20_a0.1,16,18,302779.4625543337,550.2539982174902
Melange_logistique_boosting_0.75,Gamma_cout_modele_lisse100_a0.1,16,20,302781.61623486277,550.2559552016342
Melange_logistique_boosting_0.75,Gamma_compact_a1.0,16,8,302783.9185886263,550.2580472729375
Melange_logistique_boosting_0.75,Gamma_compact_a0.1,16,7,302786.61439511273,550.2604968513665
Melange_logistique_boosting_0.75,Gamma_compact_a0.01,16,6,302789.8467950098,550.2634339977624
Melange_logistique_boosting_0.75,Gamma_interactions_a1.0,16,14,302790.52233824757,550.2640478336265
Melange_logistique_boosting_0.75,Gamma_vehicules_regroupees,16,22,302793.0933344893,550.266383976424
Melange_logistique_boosting_0.75,Gamma_departement_a1.0,16,17,302806.73603871727,550.2787802911514
Logistique_splines_interactions_C1.0,Gamma_3_variables_a0.001,6,1,302809.322308931,550.2811302497397
Logistique_splines_interactions_C1.0,Gamma_3_variables_a0.01,6,2,302809.52109257766,550.281310869793
Logistique_splines_interactions_C1.0,Gamma_reference_3_variables,6,0,302809.6808546247,550.2814560337507
Melange_logistique_boosting_0.75,Gamma_3_variables_a10.0,16,4,302810.0473300746,550.2817890227466
Melange_logistique_boosting_0.75,Gamma_splines_a1.0,16,11,302811.9514722943,550.2835191719759
Melange_logistique_boosting_0.75,Gamma_departement_a0.1,16,16,302823.57818445377,550.2940833631176
Melange_logistique_boosting_0.75,Gamma_3_variables_a100.0,16,5,302824.5425619266,550.2949596006914
Melange_logistique_boosting_0.75,Gamma_interactions_a0.1,16,13,302826.5728037455,550.2968042826939
Logistique_splines_interactions_C0.1,Gamma_reference_3_variables,5,0,302832.4431067496,550.3021380176073
Logistique_splines_interactions_C0.1,Gamma_3_variables_a0.01,5,2,302832.6086450157,550.3022884242947
Melange_logistique_boosting_0.75,Gamma_splines_a0.1,16,10,302835.1794537596,550.3046242343959
Logistique_splines_interactions_C0.1,Gamma_3_variables_a0.001,5,1,302836.2197691412,550.3055694513197
Logistique_splines_interactions_C1.0,Gamma_3_variables_a1.0,6,3,302841.20381354465,550.3100978662345
Melange_logistique_boosting_0.75,Gamma_interactions_a0.01,16,12,302841.2556268226,550.3101449426701
Logistique_splines_interactions_C1.0,Gamma_cout_modele_lisse20_a0.1,6,18,302853.7372822302,550.3214853903401
Melange_logistique_boosting_0.75,Gamma_splines_a0.01,16,9,302855.3194327076,550.3229228668451
Logistique_splines_interactions_C1.0,Gamma_cout_modele_lisse100_a0.1,6,20,302855.5571160739,550.3231388157997
Logistique_splines_interactions_C1.0,Gamma_cout_modele_lisse20_a1.0,6,19,302855.93966430746,550.323486382607
Logistique_splines_interactions_C1.0,Gamma_cout_modele_lisse100_a1.0,6,21,302856.97848732263,550.324430211237
Logistique_splines_geo_vehicules_C0.1,Gamma_3_variables_a0.01,7,2,302859.82283694646,550.3270144531763
Logistique_splines_interactions_C1.0,Gamma_compact_a0.1,6,7,302862.07281296374,550.3290586666888
Logistique_splines_geo_vehicules_C0.1,Gamma_3_variables_a0.001,7,1,302862.1586327148,550.3291366379894
Logistique_splines_interactions_C1.0,Gamma_departement_a0.1,6,16,302862.9430846292,550.3298493491237
Logistique_splines_interactions_C0.1,Gamma_3_variables_a1.0,5,3,302865.0088590172,550.331726197043
Logistique_splines_geo_vehicules_C0.1,Gamma_reference_3_variables,7,0,302865.81244864874,550.3324562922386
Logistique_splines_interactions_C1.0,Gamma_compact_a1.0,6,8,302865.8177040973,550.3324610670329
Logistique_splines_interactions_C1.0,Gamma_compact_a0.01,6,6,302866.5210419104,550.3331000784074
Logistique_splines_prix_C1.0,Gamma_3_variables_a0.01,4,2,302870.08002177684,550.3363335468383
Logistique_splines_prix_C1.0,Gamma_3_variables_a0.001,4,1,302870.11105581484,550.3363617423573
Logistique_splines_interactions_C1.0,Gamma_departement_a1.0,6,17,302871.4402313954,550.3375693439395
Logistique_splines_interactions_C1.0,Gamma_interactions_a1.0,6,14,302873.3577607642,550.3393114804395
Logistique_splines_prix_C1.0,Gamma_reference_3_variables,4,0,302873.7899607287,550.3397041471102
Logistique_splines_interactions_C1.0,Gamma_vehicules_regroupees,6,22,302874.07396920683,550.3399621772045
Logistique_reference,Gamma_3_variables_a0.01,0,2,302874.3002706757,550.3401677786891
Logistique_reference,Gamma_reference_3_variables,0,0,302875.83609873167,550.3415631212417
Logistique_splines_interactions_C0.1,Gamma_cout_modele_lisse20_a0.1,5,18,302879.2048728265,550.3446237339168
Logistique_reference,Gamma_3_variables_a0.001,0,1,302879.37172619085,550.3447753237881
Logistique_splines_interactions_C0.1,Gamma_cout_modele_lisse20_a1.0,5,19,302880.83969484625,550.3461090030947
Logistique_splines_interactions_C0.1,Gamma_cout_modele_lisse100_a0.1,5,20,302881.3241952538,550.3465491808355
Logistique_lineaire_prix_C0.1,Gamma_3_variables_a0.01,1,2,302881.45382974664,550.3466669561528
Logistique_splines_interactions_C0.1,Gamma_cout_modele_lisse100_a1.0,5,21,302882.0899131634,550.3472448492528
Logistique_lineaire_prix_C0.1,Gamma_reference_3_variables,1,0,302882.2664871499,550.3474052697532
Logistique_splines_interactions_C0.1,Gamma_departement_a0.1,5,16,302885.1880092592,550.350059515995
Logistique_lineaire_prix_C0.1,Gamma_3_variables_a0.001,1,1,302885.55212381535,550.3503903185818
Logistique_splines_interactions_C1.0,Gamma_splines_a1.0,6,11,302885.69579587324,550.3505208463723
Logistique_splines_interactions_C0.1,Gamma_compact_a0.1,5,7,302886.77229572047,550.35149885843
Logistique_splines_interactions_C1.0,Gamma_departement_a0.01,6,15,302887.1478189476,550.3518400250404
Melange_logistique_boosting_0.75,Gamma_departement_a0.01,16,15,302888.67472151795,550.3532272291296
Logistique_splines_prix_C0.1,Gamma_3_variables_a0.01,3,2,302888.9621133503,550.3534883266847
Logistique_splines_interactions_C0.1,Gamma_compact_a1.0,5,8,302890.4183322802,550.3548113101948
Logistique_lineaire_prix_C1.0,Gamma_3_variables_a0.01,2,2,302891.026038633,550.35536341407
Logistique_lineaire_prix_C1.0,Gamma_3_variables_a0.001,2,1,302891.18332520267,550.355506309515
Logistique_reference,Gamma_3_variables_a1.0,0,3,302892.2433502234,550.3564693452994
Logistique_lineaire_prix_C1.0,Gamma_reference_3_variables,2,0,302892.44551240565,550.3566530100328
Logistique_splines_interactions_C0.1,Gamma_compact_a0.01,5,6,302892.4687565694,550.3566741273966
Logistique_splines_prix_C0.1,Gamma_3_variables_a0.001,3,1,302892.56498755515,550.3567615534083
Logistique_splines_prix_C0.1,Gamma_reference_3_variables,3,0,302892.73639129975,550.356917273963
Melange_logistique_boosting_0.5,Gamma_3_variables_a0.01,15,2,302894.71357463894,550.3587135447561
Logistique_splines_interactions_C0.1,Gamma_departement_a1.0,5,17,302894.86196222546,550.3588483546217
Logistique_splines_interactions_C0.1,Gamma_interactions_a1.0,5,14,302895.31028708385,550.359255656779
Melange_logistique_boosting_0.5,Gamma_reference_3_variables,15,0,302896.63064844423,550.3604552004479
Logistique_splines_interactions_C0.1,Gamma_vehicules_regroupees,5,22,302898.55830104015,550.3622064613813
Melange_logistique_boosting_0.5,Gamma_3_variables_a0.001,15,1,302899.6439654587,550.3631927786039
Logistique_lineaire_prix_C0.1,Gamma_3_variables_a1.0,1,3,302900.44292617735,550.3639186267368
Logistique_splines_interactions_C1.0,Gamma_3_variables_a10.0,6,4,302900.5622795309,550.364027058029
Logistique_splines_interactions_C0.1,Gamma_splines_a1.0,5,11,302908.91352110397,550.3716140219298
Logistique_lineaire_prix_C1.0,Gamma_3_variables_a1.0,2,3,302908.9528525959,550.3716497536877
Logistique_splines_geo_vehicules_C0.1,Gamma_3_variables_a1.0,7,3,302909.06527282664,550.3717518848753
Logistique_splines_interactions_C0.1,Gamma_departement_a0.01,5,15,302909.55182293156,550.3721939042084
Logistique_reference,Gamma_cout_modele_lisse20_a1.0,0,19,302910.00806845655,550.3726083922205
Logistique_splines_interactions_C1.0,Gamma_splines_a0.1,6,10,302911.12662197376,550.3736245696861
Logistique_reference,Gamma_cout_modele_lisse100_a1.0,0,21,302911.2631924707,550.3737486403859
Logistique_splines_prix_C1.0,Gamma_3_variables_a1.0,4,3,302912.9331908834,550.3752657877018
Logistique_splines_geo_vehicules_C0.1,Gamma_cout_modele_lisse20_a0.1,7,18,302913.8638288117,550.3761112446757
Logistique_splines_interactions_C1.0,Gamma_interactions_a0.1,6,13,302915.0136332109,550.3771558060989
Logistique_splines_prix_C1.0,Gamma_cout_modele_lisse20_a0.1,4,18,302916.1717045781,550.3782078758007
Logistique_splines_interactions_C1.0,Gamma_3_variables_a100.0,6,5,302916.2008228461,550.3782343287623
Logistique_splines_geo_vehicules_C0.1,Gamma_cout_modele_lisse100_a0.1,7,20,302916.64913012524,550.3786416006033
Logistique_lineaire_prix_C0.1,Gamma_cout_modele_lisse20_a1.0,1,19,302916.99410333217,550.378954996766
Logistique_splines_prix_C1.0,Gamma_cout_modele_lisse100_a0.1,4,20,302918.43785568123,550.3802665936355
Logistique_lineaire_prix_C0.1,Gamma_cout_modele_lisse100_a1.0,1,21,302918.7822180027,550.3805794339065
Logistique_reference,Gamma_compact_a1.0,0,8,302918.85167232266,550.3806425305332
Logistique_splines_geo_vehicules_C0.1,Gamma_compact_a0.01,7,6,302921.07670931553,550.3826638887853
Logistique_splines_geo_vehicules_C0.1,Gamma_compact_a0.1,7,7,302921.1223192265,550.3827053235108
Logistique_splines_geo_vehicules_C0.1,Gamma_cout_modele_lisse20_a1.0,7,19,302921.74190228,550.3832681888867
Logistique_splines_interactions_C0.1,Gamma_3_variables_a10.0,5,4,302923.1690108191,550.3845646553136
Logistique_splines_geo_vehicules_C0.1,Gamma_cout_modele_lisse100_a1.0,7,21,302923.2908360932,550.3846753281682
Logistique_reference,Gamma_cout_modele_lisse20_a0.1,0,18,302924.811109884,550.3860564275625
Logistique_lineaire_prix_C1.0,Gamma_cout_modele_lisse20_a1.0,2,19,302925.01555955777,550.3862421605011
Logistique_splines_prix_C1.0,Gamma_compact_a0.1,4,7,302925.0864568307,550.3863065673333
Logistique_splines_prix_C1.0,Gamma_compact_a0.01,4,6,302925.38960352767,550.3865819617405
Logistique_splines_prix_C1.0,Gamma_departement_a0.1,4,16,302925.7173565521,550.3868797096749
Logistique_lineaire_prix_C0.1,Gamma_compact_a1.0,1,8,302925.8528223576,550.3870027738279
Logistique_reference,Gamma_interactions_a1.0,0,14,302926.20134499157,550.3873193897108
Logistique_reference,Gamma_vehicules_regroupees,0,22,302926.5902783865,550.3876727165921
Logistique_reference,Gamma_cout_modele_lisse100_a0.1,0,20,302926.7054939593,550.387777384236
Logistique_splines_prix_C1.0,Gamma_cout_modele_lisse20_a1.0,4,19,302926.78642605967,550.3878509070305
Logistique_lineaire_prix_C1.0,Gamma_cout_modele_lisse100_a1.0,2,21,302926.82475205034,550.3878857242865
Logistique_lineaire_prix_C0.1,Gamma_cout_modele_lisse20_a0.1,1,18,302927.0893372729,550.3881260867397
Logistique_splines_prix_C1.0,Gamma_cout_modele_lisse100_a1.0,4,21,302928.17505812756,550.3891124087826
Logistique_lineaire_prix_C0.1,Gamma_departement_a0.1,1,16,302929.2049546603,550.3900480156417
Melange_logistique_boosting_0.5,Gamma_3_variables_a1.0,15,3,302929.4037832231,550.3902286407555
Logistique_lineaire_prix_C0.1,Gamma_cout_modele_lisse100_a0.1,1,20,302929.75352419785,550.3905463615794
Logistique_reference,Gamma_compact_a0.1,0,7,302930.5925112863,550.3913085353786
Logistique_reference,Gamma_3_variables_a10.0,0,4,302932.296913373,550.392856888035
Logistique_splines_geo_vehicules_C0.1,Gamma_compact_a1.0,7,8,302932.5125966906,550.3930528237894
Logistique_splines_interactions_C0.1,Gamma_splines_a0.1,5,10,302932.7775778988,550.3932935437157
Logistique_splines_interactions_C1.0,Gamma_splines_a0.01,6,9,302932.818302086,550.393330539248
Logistique_lineaire_prix_C0.1,Gamma_compact_a0.1,1,7,302933.0636261293,550.3935534016812
Logistique_lineaire_prix_C0.1,Gamma_vehicules_regroupees,1,22,302933.40573993087,550.3938641917539
Logistique_splines_prix_C0.1,Gamma_3_variables_a1.0,3,3,302933.7657742367,550.3941912613511
Logistique_lineaire_prix_C1.0,Gamma_compact_a1.0,2,8,302934.0673197158,550.3944651972037
Logistique_splines_interactions_C0.1,Gamma_interactions_a0.1,5,13,302935.25184581015,550.395541266288
Logistique_lineaire_prix_C0.1,Gamma_compact_a0.01,1,6,302935.694882296,550.3959437371391
Logistique_reference,Gamma_compact_a0.01,0,6,302935.939127602,550.3961656185497
Logistique_lineaire_prix_C1.0,Gamma_cout_modele_lisse20_a0.1,2,18,302936.01184086915,550.3962316739361
Logistique_lineaire_prix_C0.1,Gamma_interactions_a1.0,1,14,302936.2309518263,550.3964307222807
Logistique_splines_prix_C1.0,Gamma_compact_a1.0,4,8,302937.1688588059,550.3972827502021
Logistique_splines_prix_C0.1,Gamma_cout_modele_lisse20_a0.1,3,18,302937.4240457071,550.3975145707938
Logistique_lineaire_prix_C1.0,Gamma_departement_a0.1,2,16,302937.7808396116,550.3978386945316
Logistique_splines_interactions_C0.1,Gamma_3_variables_a100.0,5,5,302938.46771864337,550.3984626783067
Logistique_lineaire_prix_C1.0,Gamma_cout_modele_lisse100_a0.1,2,20,302938.81213819387,550.3987755602241
Logistique_splines_geo_vehicules_C0.1,Gamma_interactions_a1.0,7,14,302938.86873913626,550.3988269783433
Logistique_splines_prix_C0.1,Gamma_cout_modele_lisse100_a0.1,3,20,302939.7786551977,550.3996535747435
Logistique_splines_prix_C1.0,Gamma_interactions_a1.0,4,14,302940.5532698482,550.4003572581038
Logistique_reference,Gamma_departement_a1.0,0,17,302940.9609146741,550.4007275746228
Logistique_lineaire_prix_C0.1,Gamma_departement_a1.0,1,17,302941.0167998903,550.4007783423733
Logistique_lineaire_prix_C1.0,Gamma_vehicules_regroupees,2,22,302941.70801370544,550.401406260654
Logistique_lineaire_prix_C1.0,Gamma_compact_a0.1,2,7,302942.2593480177,550.4019071079039
Logistique_splines_interactions_C1.0,Gamma_interactions_a0.01,6,12,302942.3774047942,550.4020143538668
Logistique_splines_geo_vehicules_C0.1,Gamma_vehicules_regroupees,7,22,302943.4000149913,550.4029433197022
Logistique_lineaire_prix_C1.0,Gamma_compact_a0.01,2,6,302943.47860433935,550.4030147122555
Melange_logistique_boosting_0.5,Gamma_cout_modele_lisse20_a1.0,15,19,302944.0824250494,550.4035632379657
Logistique_splines_prix_C1.0,Gamma_departement_a1.0,4,17,302944.1511993136,550.4036257141786
Logistique_reference,Gamma_3_variables_a100.0,0,5,302944.712836744,550.4041359190027
Logistique_splines_prix_C1.0,Gamma_departement_a0.01,4,15,302944.7442823699,550.4041644849445
Melange_logistique_boosting_0.5,Gamma_cout_modele_lisse100_a1.0,15,21,302944.8371132814,550.4042488147065
Logistique_splines_prix_C0.1,Gamma_departement_a0.1,3,16,302944.9318425397,550.4043348689577
Logistique_lineaire_prix_C0.1,Gamma_3_variables_a10.0,1,4,302945.09586893604,550.4044838743014
Melange_logistique_boosting_0.5,Gamma_cout_modele_lisse20_a0.1,15,18,302945.2737974436,550.4046455085963
Logistique_splines_prix_C1.0,Gamma_vehicules_regroupees,4,22,302945.33765420585,550.4047035175171
Logistique_splines_prix_C0.1,Gamma_compact_a0.1,3,7,302945.38938853383,550.404750514141
Logistique_lineaire_prix_C1.0,Gamma_interactions_a1.0,2,14,302945.66434173175,550.4050002877261
Logistique_reference,Gamma_departement_a0.1,0,16,302945.90224899433,550.4052164078701
Logistique_splines_prix_C0.1,Gamma_compact_a0.01,3,6,302946.56592456566,550.4058193047796
Melange_logistique_boosting_0.5,Gamma_cout_modele_lisse100_a0.1,15,20,302947.22741117206,550.40642021253
Logistique_splines_prix_C0.1,Gamma_cout_modele_lisse20_a1.0,3,19,302948.25524501264,550.4073539161815
Logistique_lineaire_prix_C1.0,Gamma_departement_a1.0,2,17,302948.78716977796,550.4078371260514
Logistique_splines_prix_C0.1,Gamma_cout_modele_lisse100_a1.0,3,21,302949.7442015608,550.4087065095907
Logistique_reference,Gamma_splines_a1.0,0,11,302950.77929226094,550.409646801599
Logistique_lineaire_prix_C1.0,Gamma_3_variables_a10.0,2,4,302953.3332695279,550.4119668662082
Melange_logistique_boosting_0.5,Gamma_compact_a0.1,15,7,302953.8832506979,550.4124664746411
Logistique_lineaire_prix_C0.1,Gamma_splines_a1.0,1,11,302954.3973670937,550.4129335027418
Melange_logistique_boosting_0.5,Gamma_compact_a1.0,15,8,302954.6039199499,550.4131211371599
Logistique_splines_interactions_C0.1,Gamma_splines_a0.01,5,9,302954.90946149663,550.4133986936515
Logistique_lineaire_prix_C0.1,Gamma_departement_a0.01,1,15,302954.9939356179,550.4134754306237
Melange_logistique_boosting_0.5,Gamma_compact_a0.01,15,6,302957.4437931938,550.415700896326
Logistique_splines_geo_vehicules_C0.1,Gamma_departement_a1.0,7,17,302957.6163833838,550.4158576779777
Logistique_splines_prix_C0.1,Gamma_compact_a1.0,3,8,302958.1817813564,550.4163712875521
Logistique_splines_prix_C1.0,Gamma_splines_a1.0,4,11,302958.244781317,550.4164285169157
Logistique_splines_prix_C0.1,Gamma_interactions_a1.0,3,14,302958.38869152573,550.4165592453826
Logistique_lineaire_prix_C0.1,Gamma_3_variables_a100.0,1,5,302958.4285659525,550.4165954674264
Logistique_splines_geo_vehicules_C0.1,Gamma_splines_a1.0,7,11,302960.61460244784,550.4185812656108
Melange_logistique_boosting_0.5,Gamma_interactions_a1.0,15,14,302961.1657634974,550.419081939841
Logistique_lineaire_prix_C1.0,Gamma_splines_a1.0,2,11,302962.2999622475,550.4201122435911
Logistique_lineaire_prix_C1.0,Gamma_departement_a0.01,2,15,302962.39847296296,550.4202017304261
Logistique_splines_interactions_C0.1,Gamma_interactions_a0.01,5,12,302962.5509441737,550.4203402347824
Logistique_lineaire_prix_C0.1,Gamma_interactions_a0.1,1,13,302963.51113546634,550.4212124686569
Logistique_splines_prix_C0.1,Gamma_departement_a0.01,3,15,302963.62595489837,550.4213167700706
Logistique_splines_prix_C0.1,Gamma_departement_a1.0,3,17,302964.3533227182,550.4219775070017
Melange_logistique_boosting_0.5,Gamma_vehicules_regroupees,15,22,302965.0022487061,550.4225669871341
Logistique_splines_prix_C1.0,Gamma_interactions_a0.1,4,13,302965.36427465355,550.4228958488678
Logistique_reference,Gamma_interactions_a0.1,0,13,302965.61932031135,550.4231275303677
Logistique_splines_prix_C0.1,Gamma_vehicules_regroupees,3,22,302966.26047548,550.4237099503255
Logistique_lineaire_prix_C1.0,Gamma_3_variables_a100.0,2,5,302966.658526391,550.424071536112
Logistique_splines_geo_vehicules_C0.1,Gamma_interactions_a0.1,7,13,302968.65491602075,550.4258850345074
Logistique_lineaire_prix_C0.1,Gamma_interactions_a0.01,1,12,302968.87293625576,550.4260830813305
Logistique_splines_geo_vehicules_C0.1,Gamma_interactions_a0.01,7,12,302970.9675606522,550.4279858080002
Logistique_splines_prix_C1.0,Gamma_interactions_a0.01,4,12,302971.6536818664,550.4286090692111
Logistique_lineaire_prix_C1.0,Gamma_interactions_a0.1,2,13,302972.63846509263,550.4295036288413
Logistique_lineaire_prix_C0.1,Gamma_splines_a0.1,1,10,302973.3420049687,550.4301427111062
Logistique_splines_prix_C1.0,Gamma_splines_a0.1,4,10,302973.6053819067,550.4303819575248
Logistique_lineaire_prix_C1.0,Gamma_interactions_a0.01,2,12,302973.7045664425,550.4304720547751
Logistique_splines_geo_vehicules_C0.1,Gamma_departement_a0.1,7,16,302976.61532856367,550.4331161263498
Logistique_splines_geo_vehicules_C0.1,Gamma_3_variables_a10.0,7,4,302976.71925592737,550.4332105314207
Melange_logistique_boosting_0.5,Gamma_departement_a1.0,15,17,302977.3882936604,550.4338182685185
Logistique_splines_prix_C1.0,Gamma_3_variables_a10.0,4,4,302977.6740787467,550.434077868319
Logistique_reference,Gamma_splines_a0.1,0,10,302977.7750709235,550.4341696069781
Logistique_splines_prix_C0.1,Gamma_splines_a1.0,3,11,302978.216623492,550.4345707016339
Melange_logistique_boosting_0.5,Gamma_splines_a1.0,15,11,302978.353980334,550.4346954728908
Logistique_splines_geo_vehicules_C0.1,Gamma_splines_a0.1,7,10,302979.76093978714,550.4359735153464
Logistique_lineaire_prix_C1.0,Gamma_splines_a0.1,2,10,302982.08977667976,550.4380889588581
Logistique_reference,Gamma_interactions_a0.01,0,12,302982.29886088765,550.4382788840976
Logistique_splines_prix_C0.1,Gamma_interactions_a0.1,3,13,302983.1006639165,550.4390072150742
Logistique_reference,Gamma_departement_a0.01,0,15,302988.6642204523,550.4440609366699
Melange_logistique_boosting_0.5,Gamma_3_variables_a10.0,15,4,302989.4638834882,550.4447873161197
Logistique_splines_prix_C1.0,Gamma_splines_a0.01,4,9,302990.8073427764,550.4460076544987
Logistique_lineaire_prix_C0.1,Gamma_splines_a0.01,1,9,302991.22081875504,550.4463832370552
Logistique_splines_prix_C0.1,Gamma_interactions_a0.01,3,12,302991.3697513676,550.4465185205258
Logistique_splines_prix_C0.1,Gamma_splines_a0.1,3,10,302992.07697955094,550.4471609333187
Logistique_splines_geo_vehicules_C0.1,Gamma_splines_a0.01,7,9,302992.155449498,550.447232211679
Logistique_splines_geo_vehicules_C0.1,Gamma_3_variables_a100.0,7,5,302994.2395544912,550.4491253099519
Logistique_splines_prix_C1.0,Gamma_3_variables_a100.0,4,5,302994.36037760315,550.4492350595132
Logistique_lineaire_prix_C1.0,Gamma_splines_a0.01,2,9,302997.4878847991,550.4520759201469
Melange_logistique_boosting_0.5,Gamma_interactions_a0.1,15,13,302997.7180208456,550.4522849628709
Logistique_splines_prix_C0.1,Gamma_3_variables_a10.0,3,4,302997.72541151237,550.4522916761382
Melange_logistique_boosting_0.5,Gamma_splines_a0.1,15,10,303001.5914565334,550.4558033634793
Logistique_reference,Gamma_splines_a0.01,0,9,303003.94957252906,550.4579453260068
Melange_logistique_boosting_0.5,Gamma_3_variables_a100.0,15,5,303005.92605576874,550.4597406312007
Melange_logistique_boosting_0.5,Gamma_departement_a0.1,15,16,303009.00495939207,550.4625372896797
Logistique_splines_prix_C0.1,Gamma_splines_a0.01,3,9,303009.0633226892,550.4625903026374
Melange_logistique_boosting_0.5,Gamma_interactions_a0.01,15,12,303013.04325827165,550.4662053734739
Logistique_splines_prix_C0.1,Gamma_3_variables_a100.0,3,5,303014.1413685515,550.4672028091696
Melange_logistique_boosting_0.5,Gamma_splines_a0.01,15,9,303018.50202720053,550.4711636654554
Logistique_splines_geo_vehicules_C0.1,Gamma_departement_a0.01,7,15,303046.08206972847,550.4962144009062
Melange_logistique_boosting_0.5,Gamma_departement_a0.01,15,15,303099.55165500694,550.5447771571418
Logistique_splines_geo_vehicules_C1.0,Gamma_3_variables_a0.001,8,1,303307.0257641957,550.7331711130134
Logistique_splines_geo_vehicules_C1.0,Gamma_3_variables_a0.01,8,2,303309.2208439215,550.7351639798584
Boosting_prudent,Gamma_3_variables_a0.01,9,2,303310.86639440875,550.7366579359038
Logistique_splines_geo_vehicules_C1.0,Gamma_reference_3_variables,8,0,303312.0021051499,550.7376890182385
Boosting_prudent,Gamma_3_variables_a0.001,9,1,303314.6041050172,550.7400512991744
Boosting_prudent,Gamma_reference_3_variables,9,0,303318.31091835833,550.7434165910278
Logistique_splines_geo_vehicules_C1.0,Gamma_3_variables_a1.0,8,3,303340.639439692,550.7636874737586
Logistique_splines_geo_vehicules_C1.0,Gamma_cout_modele_lisse20_a1.0,8,19,303355.60810342804,550.7772763136003
Logistique_splines_geo_vehicules_C1.0,Gamma_cout_modele_lisse100_a1.0,8,21,303356.4379774603,550.778029679344
Logistique_splines_geo_vehicules_C1.0,Gamma_cout_modele_lisse20_a0.1,8,18,303359.75611980207,550.7810419030434
Logistique_splines_geo_vehicules_C1.0,Gamma_cout_modele_lisse100_a0.1,8,20,303361.54703974654,550.7826677009241
Boosting_prudent,Gamma_cout_modele_lisse20_a0.1,9,18,303366.5451707165,550.7872049809404
Logistique_splines_geo_vehicules_C1.0,Gamma_compact_a1.0,8,8,303368.0582989178,550.7885785843038
Logistique_splines_geo_vehicules_C1.0,Gamma_compact_a0.1,8,7,303369.46525549964,550.7898558030092
Logistique_splines_geo_vehicules_C1.0,Gamma_compact_a0.01,8,6,303371.0703685934,550.7913129022583
Boosting_prudent,Gamma_cout_modele_lisse100_a0.1,9,20,303371.22635748633,550.7914545065912
Melange_logistique_boosting_0.25,Gamma_reference_3_variables,14,0,303372.85266513383,550.7929308416493
Melange_logistique_boosting_0.25,Gamma_3_variables_a0.01,14,2,303374.57628483785,550.7944955106558
Boosting_prudent,Gamma_compact_a0.01,9,6,303376.70752349746,550.7964302022095
Logistique_splines_geo_vehicules_C1.0,Gamma_vehicules_regroupees,8,22,303378.84843087563,550.7983736639712
Boosting_prudent,Gamma_compact_a0.1,9,7,303378.85396841686,550.7983786908027
Melange_logistique_boosting_0.25,Gamma_3_variables_a0.001,14,1,303380.29175648687,550.7996838747158
Logistique_splines_geo_vehicules_C1.0,Gamma_interactions_a1.0,8,14,303380.642623104,550.8000023811765
Boosting_souple_calibre,Gamma_3_variables_a0.01,13,2,303381.57078484376,550.8008449383894
Boosting_souple_calibre,Gamma_3_variables_a0.001,13,1,303382.0034216165,550.8012376725533
Boosting_prudent,Gamma_3_variables_a1.0,9,3,303383.7667915402,550.8028384018552
Boosting_prudent,Gamma_cout_modele_lisse20_a1.0,9,19,303394.3270693694,550.8124245778861
Boosting_prudent,Gamma_cout_modele_lisse100_a1.0,9,21,303397.1078320738,550.814948809556
Logistique_splines_geo_vehicules_C1.0,Gamma_departement_a1.0,8,17,303397.2684623095,550.8150946209712
Logistique_splines_geo_vehicules_C1.0,Gamma_splines_a1.0,8,11,303398.33681080455,550.8160644088048
Logistique_splines_geo_vehicules_C1.0,Gamma_3_variables_a10.0,8,4,303402.68925322185,550.8200152983022
Melange_logistique_boosting_0.25,Gamma_3_variables_a1.0,14,3,303404.5012064084,550.821660073756
Boosting_prudent,Gamma_interactions_a1.0,9,14,303406.102191239,550.8231133415146
Boosting_prudent,Gamma_compact_a1.0,9,8,303407.8185194916,550.8246713061168
Logistique_splines_geo_vehicules_C1.0,Gamma_interactions_a0.01,8,12,303412.965859302,550.829343680329
Logistique_splines_geo_vehicules_C1.0,Gamma_interactions_a0.1,8,13,303416.06764451665,550.8321592322989
Boosting_prudent,Gamma_vehicules_regroupees,9,22,303416.75091816596,550.8327794514103
Boosting_souple_calibre,Gamma_reference_3_variables,13,0,303417.9111287041,550.8338325926468
Melange_logistique_boosting_0.25,Gamma_cout_modele_lisse100_a1.0,14,21,303419.2009274765,550.8350033607854
Melange_logistique_boosting_0.25,Gamma_cout_modele_lisse20_a1.0,14,19,303419.23766523506,550.8350367081192
Logistique_splines_geo_vehicules_C1.0,Gamma_3_variables_a100.0,8,5,303420.0380670676,550.835763242609
Melange_logistique_boosting_0.25,Gamma_cout_modele_lisse20_a0.1,14,18,303422.2448392139,550.8377663515946
Melange_logistique_boosting_0.25,Gamma_cout_modele_lisse100_a0.1,14,20,303423.53902288753,550.838941091575
Logistique_splines_geo_vehicules_C1.0,Gamma_splines_a0.1,8,10,303425.0489965042,550.8403117024972
Boosting_prudent,Gamma_splines_a1.0,9,11,303427.6223103458,550.8426475050255
Boosting_prudent,Gamma_interactions_a0.1,9,13,303429.48168194573,550.8443352544762
Boosting_prudent,Gamma_interactions_a0.01,9,12,303429.4829032621,550.8443363630619
Boosting_souple_calibre,Gamma_compact_a0.01,13,6,303430.2498116029,550.8450324833681
Melange_logistique_boosting_0.25,Gamma_compact_a1.0,14,8,303430.9076662936,550.8456296153157
Boosting_prudent,Gamma_departement_a1.0,9,17,303431.2597252286,550.8459491774706
Logistique_splines_geo_vehicules_C1.0,Gamma_departement_a0.1,8,16,303431.55423577095,550.8462165030917
Melange_logistique_boosting_0.25,Gamma_compact_a0.1,14,7,303432.39907804184,550.8469833611163
Logistique_splines_geo_vehicules_C1.0,Gamma_splines_a0.01,8,9,303434.9132656928,550.8492654671446
Melange_logistique_boosting_0.25,Gamma_interactions_a1.0,14,14,303438.1316207412,550.8521867259321
Melange_logistique_boosting_0.25,Gamma_compact_a0.01,14,6,303438.73012215405,550.852729976129
Boosting_prudent,Gamma_splines_a0.1,9,10,303438.86391332257,550.8528514161677
Melange_logistique_boosting_0.25,Gamma_vehicules_regroupees,14,22,303442.3170210369,550.8559857358699
Boosting_prudent,Gamma_splines_a0.01,9,9,303445.71605002444,550.8590709519309
Boosting_souple_calibre,Gamma_cout_modele_lisse20_a0.1,13,18,303448.01397256536,550.8611567106228
Melange_logistique_boosting_0.25,Gamma_splines_a1.0,14,11,303449.98681638023,550.8629473983345
Boosting_souple_calibre,Gamma_cout_modele_lisse100_a0.1,13,20,303452.1308845095,550.8648934943209
Melange_logistique_boosting_0.25,Gamma_departement_a1.0,14,17,303452.91767950356,550.8656076390171
Boosting_souple_calibre,Gamma_compact_a0.1,13,7,303458.02831646847,550.8702463525041
Boosting_prudent,Gamma_departement_a0.1,9,16,303465.79923243803,550.8772996162013
Boosting_souple_calibre,Gamma_interactions_a0.01,13,12,303468.3472283277,550.8796122823277
Melange_logistique_boosting_0.25,Gamma_3_variables_a10.0,14,4,303470.54657361365,550.8816084909839
Melange_logistique_boosting_0.25,Gamma_splines_a0.1,14,10,303477.0110792448,550.8874758780098
Melange_logistique_boosting_0.25,Gamma_interactions_a0.1,14,13,303479.0549716119,550.8893309654961
Boosting_prudent,Gamma_3_variables_a10.0,9,4,303481.05169053393,550.8911432311595
Boosting_souple_calibre,Gamma_interactions_a0.1,13,13,303484.95568894007,550.8946865680772
Melange_logistique_boosting_0.25,Gamma_3_variables_a100.0,14,5,303488.8633182703,550.8982331776626
Boosting_souple_calibre,Gamma_splines_a0.01,13,9,303492.0384784407,550.9011149729512
Melange_logistique_boosting_0.25,Gamma_splines_a0.01,14,9,303493.4973560081,550.9024390543285
Melange_logistique_boosting_0.25,Gamma_interactions_a0.01,14,12,303497.6617552346,550.9062186572544
Melange_logistique_boosting_0.25,Gamma_departement_a0.1,14,16,303502.18257380935,550.9103217165289
Boosting_prudent,Gamma_3_variables_a100.0,9,5,303505.1123761573,550.912980765708
Boosting_souple_calibre,Gamma_splines_a0.1,13,10,303509.2711149849,550.9167551590575
Boosting_souple_calibre,Gamma_departement_a0.1,13,16,303516.58002750075,550.9233885282969
Logistique_splines_geo_vehicules_C1.0,Gamma_departement_a0.01,8,15,303522.0418843538,550.9283455081558
Boosting_souple_calibre,Gamma_interactions_a1.0,13,14,303546.2133778802,550.9502821288689
Boosting_souple_calibre,Gamma_departement_a0.01,13,15,303569.5776357546,550.9714853200251
Boosting_prudent,Gamma_departement_a0.01,9,15,303571.51411064406,550.9732426449075
Boosting_souple_calibre,Gamma_cout_modele_lisse20_a1.0,13,19,303603.51333338907,551.0022806970849
Boosting_souple_calibre,Gamma_departement_a1.0,13,17,303604.0590857518,551.0027759328912
Boosting_souple_calibre,Gamma_splines_a1.0,13,11,303605.60824985954,551.004181699068
Boosting_souple_calibre,Gamma_cout_modele_lisse100_a1.0,13,21,303607.2260281506,551.0056497243477
Boosting_souple_calibre,Gamma_compact_a1.0,13,8,303614.58359415055,551.0123261726098
Boosting_souple_calibre,Gamma_3_variables_a1.0,13,3,303619.0331736993,551.0163637984804
Melange_logistique_boosting_0.25,Gamma_departement_a0.01,14,15,303621.2950209193,551.0184162266441
Boosting_souple_calibre,Gamma_vehicules_regroupees,13,22,303624.3746397389,551.021210698589
Boosting_souple_calibre,Gamma_3_variables_a10.0,13,4,303857.31424308696,551.2325409870928
Boosting_souple_calibre,Gamma_3_variables_a100.0,13,5,303911.013467001,551.2812471570214
Boosting_souple,Gamma_reference_3_variables,10,0,304159.6245097123,551.5066858250335
Boosting_souple,Gamma_3_variables_a0.01,10,2,304167.54303384834,551.5138647702779
Boosting_souple,Gamma_3_variables_a0.001,10,1,304174.6139951112,551.5202752348378
Boosting_souple,Gamma_3_variables_a1.0,10,3,304183.94343405054,551.528733099238
Boosting_souple,Gamma_cout_modele_lisse100_a1.0,10,21,304198.61597753136,551.542034642448
Boosting_souple,Gamma_cout_modele_lisse20_a1.0,10,19,304199.80494668026,551.5431125004466
Boosting_souple,Gamma_cout_modele_lisse20_a0.1,10,18,304210.3756796446,551.5526952881697
Boosting_souple,Gamma_cout_modele_lisse100_a0.1,10,20,304210.5510700089,551.5528542850711
Boosting_souple,Gamma_compact_a1.0,10,8,304212.82982765726,551.5549200466417
Boosting_souple,Gamma_interactions_a1.0,10,14,304221.41990997887,551.5627071421516
Boosting_souple,Gamma_compact_a0.1,10,7,304222.16187714465,551.563379746285
Boosting_souple,Gamma_vehicules_regroupees,10,22,304225.0376514815,551.5659866702093
Boosting_souple,Gamma_splines_a1.0,10,11,304226.8499804328,551.5676295618089
Boosting_souple,Gamma_departement_a1.0,10,17,304233.3241962466,551.5734984535122
Boosting_souple,Gamma_compact_a0.01,10,6,304233.7057818905,551.5738443598377
Boosting_souple,Gamma_3_variables_a10.0,10,4,304253.29540045105,551.591602003195
Boosting_souple,Gamma_splines_a0.1,10,10,304261.43832189374,551.5989832495105
Boosting_souple,Gamma_interactions_a0.1,10,13,304270.5836560441,551.6072730267831
Boosting_souple,Gamma_3_variables_a100.0,10,5,304273.35434943135,551.6097844939222
Boosting_souple,Gamma_splines_a0.01,10,9,304280.30541913,551.6160851707734
Boosting_souple,Gamma_interactions_a0.01,10,12,304295.11111771147,551.6295053001711
Boosting_souple,Gamma_departement_a0.1,10,16,304303.11102770537,551.6367564146767
Boosting_souple,Gamma_departement_a0.01,10,15,304453.90481925494,551.7734180071154
Boosting_regulier,Gamma_3_variables_a1.0,11,3,304719.5447029281,552.0140801672799
Boosting_regulier,Gamma_reference_3_variables,11,0,304723.3467791888,552.0175239783505
Boosting_regulier,Gamma_3_variables_a0.01,11,2,304740.77798584115,552.0333123877953
Boosting_regulier,Gamma_cout_modele_lisse20_a1.0,11,19,304745.36596123583,552.0374678961889
Boosting_regulier,Gamma_cout_modele_lisse100_a1.0,11,21,304746.76122874185,552.0387316382265
Boosting_regulier,Gamma_3_variables_a0.001,11,1,304749.28320857283,552.0410158752453
Boosting_regulier,Gamma_compact_a1.0,11,8,304756.9422889185,552.0479528889846
Boosting_regulier,Gamma_vehicules_regroupees,11,22,304768.0347458554,552.0579994401452
Boosting_regulier,Gamma_3_variables_a10.0,11,4,304769.49096340354,552.0593183376253
Boosting_regulier,Gamma_interactions_a1.0,11,14,304772.7477460414,552.0622679970452
Boosting_regulier,Gamma_splines_a1.0,11,11,304773.6425940284,552.0630784557399
Boosting_regulier,Gamma_departement_a1.0,11,17,304779.73701163766,552.0685981032046
Boosting_regulier,Gamma_cout_modele_lisse20_a0.1,11,18,304785.6821164319,552.0739824665095
Boosting_regulier,Gamma_3_variables_a100.0,11,5,304786.541970925,552.074761215295
Boosting_regulier,Gamma_cout_modele_lisse100_a0.1,11,20,304790.244085846,552.07811411597
Boosting_regulier,Gamma_compact_a0.1,11,7,304793.24476929195,552.0808317350748
Boosting_regulier,Gamma_compact_a0.01,11,6,304814.73465435335,552.1002940176298
Boosting_regulier,Gamma_splines_a0.1,11,10,304824.950360563,552.1095456162327
Boosting_regulier,Gamma_interactions_a0.1,11,13,304836.69834948325,552.1201846966684
Boosting_regulier,Gamma_splines_a0.01,11,9,304850.70889858226,552.1328725031523
Boosting_regulier,Gamma_departement_a0.1,11,16,304863.4721926259,552.144430554747
Boosting_regulier,Gamma_interactions_a0.01,11,12,304866.9912425496,552.1476172569702
Boosting_regulier,Gamma_departement_a0.01,11,15,305010.69575654616,552.2777342574533
Boosting_interactions,Gamma_3_variables_a1.0,12,3,305225.8857435713,552.4725203515296
Boosting_interactions,Gamma_reference_3_variables,12,0,305226.69584974955,552.4732535152716
Boosting_interactions,Gamma_3_variables_a0.01,12,2,305240.1818823977,552.4854585257405
Boosting_interactions,Gamma_cout_modele_lisse20_a1.0,12,19,305242.2538231205,552.4873336313879
Boosting_interactions,Gamma_cout_modele_lisse100_a1.0,12,21,305245.5637730202,552.4903291217144
Boosting_interactions,Gamma_3_variables_a0.001,12,1,305248.77314797696,552.4932335766448
Boosting_interactions,Gamma_compact_a1.0,12,8,305257.01151961455,552.5006891575924
Boosting_interactions,Gamma_vehicules_regroupees,12,22,305267.76168881037,552.5104177197118
Boosting_interactions,Gamma_cout_modele_lisse20_a0.1,12,18,305275.82012584404,552.5177102372774
Boosting_interactions,Gamma_3_variables_a10.0,12,4,305279.5669177557,552.5211008800983
Boosting_interactions,Gamma_cout_modele_lisse100_a0.1,12,20,305282.53948304325,552.523790875147
Boosting_interactions,Gamma_interactions_a1.0,12,14,305285.69655248965,552.5266478211613
Boosting_interactions,Gamma_splines_a1.0,12,11,305286.68261725537,552.5275401437067
Boosting_interactions,Gamma_compact_a0.1,12,7,305288.94577705156,552.5295881462381
Boosting_interactions,Gamma_departement_a1.0,12,17,305293.763756583,552.5339480580202
Boosting_interactions,Gamma_3_variables_a100.0,12,5,305297.8162712741,552.5376152546305
Boosting_interactions,Gamma_compact_a0.01,12,6,305305.34917120956,552.5444318525068
Boosting_interactions,Gamma_splines_a0.1,12,10,305339.9623094686,552.5757525529586
Boosting_interactions,Gamma_interactions_a0.1,12,13,305348.1532132137,552.5831640696391
Boosting_interactions,Gamma_splines_a0.01,12,9,305357.76857043814,552.5918643722853
Boosting_interactions,Gamma_interactions_a0.01,12,12,305372.04035476217,552.6047777161922
Boosting_interactions,Gamma_departement_a0.1,12,16,305383.55043935403,552.6151920091901
Boosting_interactions,Gamma_departement_a0.01,12,15,305537.48204226175,552.7544500429298
