index,cout_reel,pred_procedure,erreur_carree
23265,21826.96,118.71704196220809,471247812.3251973
2408,18246.9,211.3464704143648,325281191.11854887
27721,16859.4,189.72615750974785,277878026.0150038
12864,15997.5,200.87902073789024,249533234.36246383
38429,13813.54,38.48802739927533,189752056.84785116
24967,12069.04,50.47703666094105,144445855.70374537
27492,11906.24,126.97862896029444,138750998.4472682
27763,11724.25,163.29436461193322,133655695.2034111
25981,11509.3,148.02306991092237,129078613.48217429
31573,11484.16,206.6418017149178,127182416.71265122
31187,9880.01,235.11010157146663,93024094.05070674
35413,9467.69,161.924237273535,86597276.43073207
42474,9400.65,175.0889731260142,85110976.26057619
2778,9378.08,210.74549047679608,84040022.00949503
36672,9286.39,150.3774159633931,83466725.93567522
