modele,log_loss_OOF,Brier_OOF,AUC_OOF,ratio_sinistres_predits_observes
Melange_logistique_boosting_0.75,0.2157259603519151,0.05454115906118682,0.6450929180785189,0.9989210619982702
Logistique_lineaire_prix_C0.1,0.2157372748838613,0.0545435991158509,0.6455407233921954,1.0001693102741867
Logistique_splines_interactions_C0.1,0.2157402462192147,0.05453941805344476,0.6458131027297406,1.000015095095316
Logistique_splines_interactions_C1.0,0.21575840269950458,0.05454195253448914,0.6461603759424164,1.000010743936273
Logistique_splines_prix_C1.0,0.21576160814929474,0.05454860987951898,0.6451497827829255,1.0000371806215262
Logistique_reference,0.21577867484233706,0.05454665407325766,0.6456230344026833,1.00071327610931
Logistique_splines_prix_C0.1,0.21578380075145662,0.054547165925744025,0.6447265544915822,1.0000865145785849
Logistique_lineaire_prix_C1.0,0.21578533729639812,0.054550537743952174,0.6452404479489149,1.0001519227943882
Melange_logistique_boosting_0.5,0.21634398839077904,0.05463237993321308,0.6401586603149797,0.9971288478872304
Logistique_splines_geo_vehicules_C0.1,0.21646941963258343,0.05461875992044777,0.639103519185747,1.000242262948365
Boosting_prudent,0.21738267756362903,0.05473476120607413,0.6301844082738111,1.000146932514564
Melange_logistique_boosting_0.25,0.21766108763575312,0.05482031668933644,0.6325304583478064,0.9953366337761904
Boosting_souple_calibre,0.2178807592748031,0.054759957247905104,0.6232288117843989,1.008715237695516
Logistique_splines_geo_vehicules_C1.0,0.21811989356044495,0.05481516127352362,0.6316581377512637,1.0005303979191316
Boosting_souple,0.21987200461207443,0.055104969329556885,0.6231359790537387,0.9935444196651506
Boosting_regulier,0.22118309383831294,0.05528110319186588,0.6199143288126967,0.9909674746650373
Boosting_interactions,0.2223087473079178,0.05543851131167773,0.61880379060097,0.9805932361109994
