pli,modele,log_loss,Brier,AUC
1,Logistique_reference,0.2172838109927693,0.0546673881099981,0.6272805330305521
1,Logistique_lineaire_prix_C0.1,0.2171838784299267,0.0546379685557273,0.6281753193748922
1,Logistique_lineaire_prix_C1.0,0.21725216554237495,0.05464081256404655,0.6275519628528093
1,Logistique_splines_prix_C0.1,0.21709179889947147,0.0546198510270881,0.6294048032628068
1,Logistique_splines_prix_C1.0,0.21701184844066793,0.05460544487815018,0.6304970187910781
1,Logistique_splines_interactions_C0.1,0.2170727244478517,0.054621747659394156,0.6299968083694157
1,Logistique_splines_interactions_C1.0,0.2170352454403663,0.054612547132568336,0.6307890671118004
1,Logistique_splines_geo_vehicules_C0.1,0.21758470581793612,0.054733851576258416,0.6265117172384769
1,Logistique_splines_geo_vehicules_C1.0,0.21890422635772483,0.05489315734715868,0.6217646610234119
1,Boosting_prudent,0.2184781721150591,0.05484053326592099,0.6161771891620135
1,Boosting_souple,0.22096473717239773,0.0552119741965137,0.6124017443814592
1,Boosting_regulier,0.22240495385888476,0.05537013594370279,0.609270980734414
1,Boosting_interactions,0.22343958135181557,0.055561218254193884,0.6092054534516214
1,Boosting_souple_calibre,0.21840018703319122,0.054790427969950914,0.6124017443814592
1,Melange_logistique_boosting_0.25,0.21885533315592884,0.05493434918840764,0.6190246602890545
1,Melange_logistique_boosting_0.5,0.21764971773729963,0.054751043171286345,0.6240855131040444
1,Melange_logistique_boosting_0.75,0.2171395108771566,0.05466205614514984,0.6269757746765297
2,Logistique_reference,0.214499669929975,0.054429281522174064,0.6573595213613406
2,Logistique_lineaire_prix_C0.1,0.21461072459420563,0.054453100324831985,0.6551852521440437
2,Logistique_lineaire_prix_C1.0,0.21461209488261163,0.05445870284705336,0.6550493779731303
2,Logistique_splines_prix_C0.1,0.21445676092041013,0.05443930450081557,0.6562262008338889
2,Logistique_splines_prix_C1.0,0.21439408505176719,0.05444055244731316,0.6573038722726298
2,Logistique_splines_interactions_C0.1,0.21435471856354069,0.054414473590198506,0.6594357690873549
2,Logistique_splines_interactions_C1.0,0.21434415680579338,0.0544148105024347,0.6603479056733823
2,Logistique_splines_geo_vehicules_C0.1,0.2144763818929117,0.05442210940448099,0.6567168732556694
2,Logistique_splines_geo_vehicules_C1.0,0.21561320522962343,0.054589659500389354,0.6515186269081704
2,Boosting_prudent,0.21458127123844312,0.054350608205717396,0.6581021683370809
2,Boosting_souple,0.21757526583335504,0.05480072954152996,0.6369795256550773
2,Boosting_regulier,0.2183149474091163,0.05491862508067518,0.6378334708082394
2,Boosting_interactions,0.21943323430502812,0.05509168831828526,0.635243387080372
2,Boosting_souple_calibre,0.21696980557487838,0.05462452985151134,0.6369795256550773
2,Melange_logistique_boosting_0.25,0.21568837561036333,0.05456362333454142,0.6471980542592739
2,Melange_logistique_boosting_0.5,0.21464065206842833,0.05442267992898594,0.655004463226404
2,Melange_logistique_boosting_0.75,0.21424865786252753,0.054377899324863484,0.6593013073298606
3,Logistique_reference,0.21611489814236262,0.054638974132845616,0.6476294209109781
3,Logistique_lineaire_prix_C0.1,0.2159168772030533,0.054607197992186655,0.6477390733718724
3,Logistique_lineaire_prix_C1.0,0.21594171856366398,0.05461097804849992,0.6477328719473487
3,Logistique_splines_prix_C0.1,0.21606874487155697,0.05461569469712473,0.6469994125559679
3,Logistique_splines_prix_C1.0,0.21610753471327543,0.05462853118708498,0.6468621355676503
3,Logistique_splines_interactions_C0.1,0.21585368960470547,0.05460059567503521,0.6483397659018619
3,Logistique_splines_interactions_C1.0,0.21586612471308803,0.054610089412881146,0.6485945880731948
3,Logistique_splines_geo_vehicules_C0.1,0.21702872120493658,0.05473164927819487,0.6404318221025534
3,Logistique_splines_geo_vehicules_C1.0,0.21923988680201129,0.055005154919261966,0.6304173671457549
3,Boosting_prudent,0.21845167937840118,0.0548955411277427,0.6251451697104385
3,Boosting_souple,0.22127779959132035,0.055366019789267876,0.6169738063103442
3,Boosting_regulier,0.2228494885100028,0.05560040098823905,0.6123954637143376
3,Boosting_interactions,0.22388658570599287,0.05572207260221315,0.611882436776477
3,Boosting_souple_calibre,0.21864861925536125,0.05490631938997355,0.6169738063103442
3,Melange_logistique_boosting_0.25,0.218721015103155,0.055044335232045286,0.6282499692747603
3,Melange_logistique_boosting_0.5,0.21713091848147603,0.05481593277023405,0.6383436333357011
3,Melange_logistique_boosting_0.75,0.21627379824142418,0.054680812403834156,0.6457351676019543
4,Logistique_reference,0.21480720077962606,0.0543808791669919,0.6554536106936645
4,Logistique_lineaire_prix_C0.1,0.21479307386688876,0.054390346079686624,0.6575626264110008
4,Logistique_lineaire_prix_C1.0,0.21491602725844064,0.054409493450029295,0.6572112179523395
4,Logistique_splines_prix_C0.1,0.2149932025198528,0.05441695469908695,0.6546313036010892
4,Logistique_splines_prix_C1.0,0.2150633441121307,0.0544332007631798,0.6537106925345476
4,Logistique_splines_interactions_C0.1,0.21498351079332909,0.054406634306257445,0.6556496536762297
4,Logistique_splines_interactions_C1.0,0.21510799276963014,0.05442514305933868,0.6547940136269648
4,Logistique_splines_geo_vehicules_C0.1,0.21622077534883763,0.05449713725080471,0.6395608524197467
4,Logistique_splines_geo_vehicules_C1.0,0.21805393017736327,0.05469122144142985,0.6294485373046632
4,Boosting_prudent,0.21686729570561328,0.05464270475209466,0.6334701020327453
4,Boosting_souple,0.21934851661982868,0.05495991250385294,0.6256655292030598
4,Boosting_regulier,0.22099724694481396,0.05523502989854745,0.6191704048541825
4,Boosting_interactions,0.22194055724736222,0.055350058740307,0.6189167354041197
4,Boosting_souple_calibre,0.2173736656655045,0.05466493821648274,0.6256655292030598
4,Melange_logistique_boosting_0.25,0.21704283202342198,0.054661949794467306,0.6359250177964091
4,Melange_logistique_boosting_0.5,0.2156103685789732,0.05446612333519525,0.6452427091219308
4,Melange_logistique_boosting_0.75,0.21487649632605274,0.05437243312603678,0.6527039242494435
5,Logistique_reference,0.21618751316253193,0.054616712054113996,0.641403190689294
5,Logistique_lineaire_prix_C0.1,0.21618156157834875,0.05462935216926508,0.6410762064871411
5,Logistique_lineaire_prix_C1.0,0.21620442501155163,0.05463267271114502,0.6406398517070266
5,Logistique_splines_prix_C0.1,0.21630823194046103,0.054643994956678786,0.6385386963252614
5,Logistique_splines_prix_C1.0,0.21623097030203803,0.05463529219901929,0.639787437717966
5,Logistique_splines_interactions_C0.1,0.21643632000414206,0.054653606832388665,0.638359418779943
5,Logistique_splines_interactions_C1.0,0.21643823578341145,0.054647142082715414,0.6393288141861533
5,Logistique_splines_geo_vehicules_C0.1,0.21703623379308168,0.054709012323265145,0.6337362567976069
5,Logistique_splines_geo_vehicules_C1.0,0.21878789777458543,0.05489656949555149,0.626691720421742
5,Boosting_prudent,0.21853455493752177,0.05494435917502706,0.6213949991712642
5,Boosting_souple,0.22019335144727242,0.05518615447559614,0.6247374260480126
5,Boosting_regulier,0.22134845086268373,0.05528127299838303,0.6221985064714685
5,Boosting_interactions,0.22284337261849893,0.055467464254339696,0.6198949591438877
5,Boosting_souple_calibre,0.21801134165561253,0.05481354201660164,0.6247374260480126
5,Melange_logistique_boosting_0.25,0.21799755853634786,0.05489727403413797,0.6332500087383709
5,Melange_logistique_boosting_0.5,0.21668798058239067,0.0547060734834049,0.639357566245308
5,Melange_logistique_boosting_0.75,0.2160910477156264,0.0546125528233969,0.6422017650381726
